rainfall_deviation,temperature_stress,market_price_change,crop_stage,soil_moisture_score,input_expenditure_index,distress_level
-30.036790492211,1.6893506307216455,1.7044757760962455,1,9.23581061566339,1.542592095308278,Medium
16.057144512793286,2.7859033903195862,-38.64771959476592,4,5.797259805215259,2.4520276465584274,Medium
-1.4404846550875945,1.7701048427674682,-38.78320466590515,1,2.421593405518132,0.7511004295253068,Medium
-12.107321264237072,0.8870253375705561,-22.201437946775233,4,7.263092063519222,0.533895329779162,Low
-47.51850876460508,1.206358711006008,-13.124624527743382,2,8.13935215394429,2.040316423514192,High
-47.52043837310379,4.607787680327258,2.3724079794286297,3,3.85085509360774,2.1143110747297653,High
-55.35331102654404,2.063337184057925,-2.418754286642212,2,8.714613312988778,0.7404144582411525,Medium
9.294091661994813,3.6426986104807546,-15.47535114927884,4,9.155289292891897,1.0311656659172121,Low
-11.910799060543297,5.034172708548569,-24.950533354508377,3,3.4921403864002802,0.5351047267332578,Medium
-3.3541937763163645,6.903948286293653,14.841847508674114,4,9.851693254436999,1.0866172215611294,Low
-58.353240456335804,0.39312139841098936,-16.56002837702149,3,2.266403752438826,2.046283747837343,High
17.592788172959544,7.994103989090426,-15.173713661867847,3,2.81814101562241,1.5359210554251579,Medium
6.595411264033743,6.279003894909078,-31.000689834458193,3,2.658023553142235,1.1961911863365762,High
-43.012871145737904,0.8175903194887191,3.714525181246117,3,9.045907390070834,1.2434785898126606,Medium
-45.45400262343195,8.735786241067773,-1.8474775820181222,4,6.8886329709246565,0.5027072514309363,Medium
-45.3276392117253,9.208724005318132,-27.85767129661818,3,2.3689385490004558,1.0996010551304718,High
-35.66062056323698,0.6107795985486375,-35.469042491128654,3,4.962910765315141,1.792917483275861,High
-18.01948546942097,2.7687764814720373,-2.5725383858907804,2,6.5376822256282185,2.4483888876327145,Low
-25.44439850863074,8.062012797930613,-4.001883214537564,1,1.7511767649044496,2.194121653967799,High
-36.701668784156645,7.482596903836583,-24.970726015098485,1,8.94174731566605,0.5471899292910583,High
-11.05176842220964,1.8452101935637732,12.297495923772573,2,8.232431818973817,2.2971212093496787,Low
-48.84049114783665,2.093493233367103,-31.691815952050487,2,5.5468609621897444,2.066396826597252,High
-36.62842811718255,3.70472102791382,-16.221585942656894,4,9.704139537332534,2.060752247141961,High
-30.691052536504664,4.845229851910213,11.898875609217939,4,4.759848813475897,1.415991518007143,Medium
-23.514401262637122,6.1825477153029595,-16.914997569063274,4,9.85699287132848,1.2960105859090056,Medium
2.8140769114410915,3.689136395697724,-4.881072878475294,2,7.011279989232643,1.1058314576663852,Low
-44.02609742733122,4.625347161331479,-18.132308112046314,2,6.712041459285473,0.6313897179087316,High
-18.86124492691107,7.474709381337565,-24.91816387082315,3,2.493594057662065,0.9564707269873982,High
-12.6068344910366,0.366832028905979,14.118770637790554,4,8.937349824741796,0.9932072699560492,Low
-56.28396698240018,2.5243694434402073,-17.486629652672633,4,4.847407191285536,1.4681541394204032,Medium
-11.396411847884934,7.133495858845524,9.175456202352393,4,2.460100652042314,1.994888813193388,Low
-46.35807010501668,8.952068376871994,-27.35249667599026,1,1.1134676797818313,1.4476196567958932,High
-54.79587256117764,5.116774421156661,-28.279241278620418,3,6.037801152745443,0.6156888988943212,High
15.910842980266665,5.321134852653157,-38.28762544135188,4,5.746596599104087,2.4155796019764075,Medium
17.25056264596475,1.0717201133977605,-4.1583246043263244,4,7.474182601322427,2.3854486381882243,Low
4.671787849316885,4.474123668234546,-19.731051095193138,4,9.01232247716022,2.0703790862968168,Medium
-35.63089846613035,5.326172664550231,7.539703741180041,1,1.7146592617872658,2.4826558031284414,High
-52.18623087948929,2.4247050363472966,-13.973455131964357,1,7.583468413063261,1.5889646656005258,Medium
-5.26135787902745,2.6924323094938094,13.250638535309697,2,2.68670749687824,2.425536700506412,Low
-24.787800500831892,3.7728416310462265,-29.796096636328336,3,8.723593478414475,0.6512100812335015,High
-50.23694121241769,0.20071197777726368,7.774274237558593,2,8.371571624754905,1.2313614965227426,Medium
-20.385847191098385,3.220791655831783,2.712826903545796,3,5.867143794869899,0.9507625360135317,Medium
-57.24891831078253,2.1144800699654462,2.400701455422862,1,7.392185187609804,0.8916661682685401,Medium
12.74563216630257,3.2749735217791462,6.463077546428821,4,3.8291510186537354,0.7816058977853522,Low
-39.29760147199865,1.1976213181925122,1.856319501864938,2,5.240511090395332,1.7448272831319933,Medium
-6.998217251681439,8.90527280739895,-5.557882310272156,4,8.394732079394245,2.0626437114946103,Low
-35.06311391284712,5.935924535540487,-32.78153172746868,2,5.133386774558925,1.6565967988407213,High
-18.394558305775135,6.791023191444896,-38.21106012798114,1,4.220184387928976,0.7939254191764193,High
-16.263177652537628,7.891712386073383,10.646631629862775,1,5.447912025252699,2.122247539866942,Medium
-45.211643557957835,4.984421989290572,-6.084232701359404,1,8.454243271934965,1.771909414327457,Medium
17.56677022116469,0.8692028808742369,3.8095510036896982,2,4.016872426337855,1.276331412253991,Low
2.0106258688891643,5.371065418185478,-13.516270666809746,3,2.5638543382216943,1.848260591072126,Medium
15.159915325135131,5.868411180208791,-33.54804960706831,2,7.408126182977027,1.0198099584856657,Medium
11.5861880342119,7.4543947418433,-33.11478142885973,3,8.433803914372735,1.190384416988421,Medium
-12.16800169511319,4.316595462296794,-2.2939092024065744,2,1.9057373067118,2.33497168626398,Low
13.74993880184934,1.2758030279556376,-16.33317578052955,2,3.1588670148035023,1.0810090113428408,Low
-52.92059983584644,2.8377590579872445,-28.971140031481482,1,2.277747907848945,1.4399765363158732,High
-44.32137100646838,3.630822963986351,-12.962299929220972,4,4.131472704239499,2.2802822747920293,High
-56.38181688715696,6.459172413316012,-36.468508460867625,4,5.053158810148714,1.915442700535055,High
-33.97357353893885,5.707783046689119,-7.991572894708064,3,7.739437032669758,0.6244064523294055,Medium
-28.905816824841438,3.5609672589784624,-25.205362756069626,4,6.860328263935067,0.7946060885579407,Medium
-38.29207745808833,9.865152487929796,3.8657505350453505,2,6.588357107305881,0.5156831815438336,Medium
6.299000732154354,6.057748193568871,-22.93009225920344,2,4.171374519486889,1.7618435804583268,Medium
-31.459733864512856,2.372267917359945,-14.962891800500934,1,8.57302797776284,1.3953468508208366,Medium
-37.52523922500954,1.0178247262040374,-39.36087030505446,1,5.241584506583481,0.7685497018045511,High
-16.58431334734012,1.5285913918433203,-36.01542117129926,4,9.81194444213639,2.415868242113541,Medium
-48.72606200201899,2.459577283845081,-18.412854397632334,3,6.707279244661631,1.5593194478912398,High
4.1757584603231805,1.6068137325955567,-13.603364090558205,4,2.1363826740805245,0.9837865882257784,Low
-54.035948505618336,1.8656702405130576,-6.998869853438293,4,7.085598058678906,1.501207142309415,Medium
18.950954928041384,2.850951686938471,-23.958558170988322,4,3.925936138885291,1.8592406654702156,Low
1.77958154373259,1.7337359529475482,-1.7759962630401631,4,7.1769447701748765,0.652478435947129,Low
-44.10274547726621,8.967654246264251,7.306731845406254,2,1.6267703334616517,1.049407630095784,High
-59.55823063011181,0.8023374566164221,2.8918043891342364,3,2.5739329345836346,2.113930981767987,High
5.236914276386727,5.245113895702547,-37.82096460584036,2,8.701635330152076,1.4193297408053225,Medium
-3.4514124921906273,4.103968269896615,-13.572117900819407,3,3.044616013211634,1.5931542840645898,Medium
-1.6794265567210118,9.823786169086064,-34.22884018700038,1,8.53337012718646,1.3656320044189385,Medium
1.7016277348756574,1.1203890216805235,-26.68752412756099,4,3.5134847960896938,0.5877998852860102,Low
-54.07642786127277,3.9785559904574166,14.266442629693053,2,6.785937190528369,0.8314995596403119,Medium
-31.32274171645819,9.69470433275369,-32.162745140416774,3,7.247355161588479,1.3910832774837818,High
-50.73047523798962,8.655071258939802,-12.561151560175418,1,5.613892778305477,0.9183709308158556,High
9.048274070047484,8.1707207094928,-6.001434612503452,1,3.7477960902705814,0.5999580573193575,Low
-10.136149853795366,2.579028270449398,-1.3644266200742834,4,2.913799387339865,2.1872993281036477,Low
-33.528158011788065,1.7088758739006582,-9.219322408219725,3,1.298704191061836,2.4623850583282314,High
-54.91533197711811,6.68643219924431,-39.462603391944896,2,3.7355176111665145,2.086285747993479,High
-35.121414262747024,9.293759891275858,-22.044628046580446,4,6.878465114781547,2.207569843409334,High
-33.985334237860236,5.567628930139298,-11.525859613840872,2,9.444743366036343,0.9839542606340907,High
-1.6315057329548779,5.7161268946989985,-35.16734254703417,1,8.840840340367468,2.4212539510263995,Medium
-8.995402291582948,2.7997909366028417,-20.715518783495057,2,7.8945829888177235,0.8938514089068568,Low
10.977019406106123,7.694929331919369,-38.17382901647484,2,8.096026089279688,2.4028596207236648,Medium
-22.222805987044055,1.8704374855752337,-35.67818265647386,4,6.984864131283957,2.489638587931902,Medium
-50.43246032493586,3.2367923640424365,-18.169219808912217,2,3.342581718094027,1.9234456114920975,High
-2.9404170221604033,4.254364386164168,-32.70063352763168,4,9.16475527635247,2.462287463583644,Medium
0.8628038893517953,5.07610378684455,-8.7852533456143,1,7.036590807152506,1.6390795591342073,Low
-15.0978241944403,2.4240973241508024,-2.079426697450387,4,6.04396567882396,1.0190835663521807,Low
1.6773743963648826,1.1483682473920354,4.03226845099956,4,1.9989052229213295,1.3739917713312417,Low
-20.49635229084874,6.1062004244163255,-28.991736566535444,3,5.023499894257829,1.687121870757572,High
-18.181373649440474,2.8863055324025577,-30.788457975751164,2,5.143224440817336,0.64616312405403,Medium
-25.79671853131603,5.812382214226123,-34.248768781607986,1,8.78107248570403,1.7446865292344922,Medium
-57.96646986047239,1.5436271527420231,-4.996336275099985,4,5.919833981690096,2.462355673524589,Medium
-51.36868584053565,4.811401018548175,-1.1438350432204345,1,4.423604940733687,0.8802152995674553,Medium
-57.48566514506126,5.325894325515859,-38.262762034589684,3,9.791202956595933,2.0851902325767666,High
-9.087167098897567,0.5182353682242691,11.49167354340294,2,1.9964853399368412,2.3157975875592385,Low
-34.851521513893864,3.366042781939206,-37.14157939916902,4,4.802935854807501,2.3874031856404416,High
-19.314344706823775,1.3441467693897424,-10.228701558441124,2,1.3782220765426476,2.4202712088108944,Medium
12.605317914087436,0.6337497047276774,-1.0016714301996004,3,7.659137086902373,1.5429192774429439,Low
-40.05662166809,9.899602323899453,7.903301806034705,3,9.262688969792356,2.4546158159830074,High
-27.169366157149625,3.2235384497472297,-0.7252187327164705,1,3.5203359659544047,2.0146204142688777,Medium
0.4440910834438938,8.09874445854635,4.095044568838553,4,8.725075091192089,0.8233428724739238,Low
-41.6961467606702,2.5464065476376385,-21.330239410145666,1,3.62996407415708,1.45380021293594,High
-53.84160721369656,6.8150272222392925,4.815381256058174,3,9.196931454795237,1.936662350744008,High
-36.819883766898556,7.6022785988968655,-35.59368344884287,2,7.785657132371055,0.9946806316381667,High
-47.102297019679646,5.956387406078443,9.214916083329022,1,8.244160991572947,1.7812303670977747,Medium
14.375812187405842,4.715761885501584,-9.882419311544506,1,1.1620590004040905,1.8332009580932385,Low
4.649630365153357,4.118409141472686,4.951377347937154,2,9.665293213666233,0.8253994876171318,Low
-9.327699479166121,3.4886826654299528,-15.122494351493494,1,7.540038928632909,1.6301706249055126,Low
9.716847215017424,9.29529144247826,-4.6032267641911275,2,3.7427598584751998,2.043253821957215,Low
4.293766151929162,8.306194077877292,-11.047853648513772,4,8.464551983729622,1.4977913290718838,Medium
-45.074395289117135,9.650269106665126,0.23742369654325302,2,3.5336907857343696,0.5242062335522149,Medium
11.404719879198225,1.2429722348554473,-35.510350988317576,4,8.85478455609515,0.5180769381585844,Low
-16.852620646747944,7.308674752036443,-36.68063538051899,2,2.013223513707433,1.2140586879400244,High
4.595212413124997,9.383404568210379,-26.409322129441946,3,7.333173797147162,2.352388136863564,High
11.687303993879453,1.8123306616566015,-31.225042593774642,3,5.866286289804193,0.9573535592072175,Medium
-34.55972200225089,0.664962673667775,7.94809616257109,4,1.8688102317589674,1.7687273777433743,Medium
-51.195846037785856,7.4112064929005905,-27.943230695307562,4,3.177044454329551,0.9441517413866412,High
-41.765186996644665,5.744731131799119,13.672589070052219,3,1.111636326495833,1.1433399793190973,High
-25.831376909899497,8.41828776758272,-21.470731452589124,4,5.218911689180553,2.196084179202968,High
5.441181273799444,1.397723766262895,-29.983514637121537,2,3.711387346840003,1.9577228845398937,Low
8.858446660507468,7.952673118598902,3.433417892836353,2,6.38521735867983,0.6907985546264213,Low
-59.44382955750474,2.0162732004774453,-3.7710723474518133,3,3.675140269377555,1.3574040419728672,Medium
-19.140215793794738,1.636559428657045,-12.599235595077356,1,3.699272003562862,0.5583395272905289,Medium
-26.60711974809768,1.6426579793099294,-9.455004698430283,2,7.6887387885844305,1.461780293206018,Low
-42.23137516234158,8.14574720231382,-0.4439021950254869,4,1.4332855238051811,1.8248680234021362,High
-50.410770613305374,6.651972206962001,-27.43498922677857,1,9.126054956727884,0.7370052471963031,High
-32.99078628770977,5.230654247691193,14.798365383120803,1,8.670374869520632,1.0777698778183313,Medium
15.43277631300154,3.5883048412350247,13.613623918073074,2,7.0102421490376585,1.2956732510043139,Low
-34.143765438339585,8.772005408131083,-4.232087250918468,2,6.338994130966459,2.3390620493120995,High
-18.49675026053071,3.924451074226354,-29.025165198897017,1,9.03072248325687,2.486510030845928,High
-3.7584832883857757,8.16599439471577,-2.5874466662789786,1,2.66797161575843,0.5898225979912317,Low
-30.90963180965648,4.391349085702184,-36.02908750614533,3,1.7107224597174575,2.022015846990784,High
17.742566617676857,3.769444294249076,-38.31411237868067,4,3.155591529185843,1.2434481328046865,Medium
16.99578359536889,4.626797856696064,-25.827441131883248,3,8.151204508301714,1.28491637245896,Medium
-39.85741633397087,3.0137787416414206,-14.555737379337604,2,1.31203240053835,2.008529946694045,High
-20.22011952860916,7.476093801762511,7.754987797460927,3,6.245261515751407,2.336852864290817,High
-35.92973521465843,5.027203900924792,-0.00570116285305744,3,9.95893764572179,2.4018571890050966,High
-37.21276044980259,2.322126951468173,0.8488586659989608,3,8.701264844537855,1.6542451720766416,Medium
-57.04904421163738,8.995745732745684,-16.597866605355854,3,5.693011201392305,1.2142423186010056,High
-11.234853281608252,3.8389122137321143,-20.97357540991704,4,1.572768183579781,2.0750981717175585,Medium
-19.78567814169108,5.435528611139886,-19.592868035846852,4,8.482361629471388,1.0020027665246005,Medium
-55.881699900000854,9.06472110964547,14.32072600548318,1,6.390806573594895,1.6281480576670355,Medium
-37.70828286107108,6.242379959139921,-37.793994472313464,2,2.0343969735361016,1.2171569230497463,High
12.6612708773323,1.1689804070836407,7.686732286734674,3,1.844715563410206,1.8132621474157522,Low
-40.83504874664221,9.398321236134752,-8.172852528518362,1,9.186641374929332,0.9807978257870138,Medium
-48.40841023270215,6.277080530714178,-15.876151944572523,1,7.022802366442706,0.8831858914696515,High
-20.843779177794957,3.3490561465708613,-0.11082867716748979,1,8.4635811938508,2.336478173350874,Medium
18.852036328848058,1.3927207266338726,-13.233208221641345,4,8.910810102540406,0.7036073658990738,Low
-40.635578279079965,7.9402518927029595,8.038278094491332,3,6.1459511684349,1.5119158154698633,High
-6.229156207529712,6.200727559285135,9.538602520619222,3,5.657017165795372,0.9417055659260178,Low
0.9295692262974029,5.334610919763215,-16.80534902195995,2,4.873846692888912,0.5778599266513349,Low
-40.98899648060802,8.938925830509577,-24.774471152072163,3,3.8525192901200738,0.5720376365828528,High
-1.742692111051234,7.885972112245307,-7.420731927365075,3,4.911363647728406,0.8504435442116547,Low
-30.577349382459744,1.5167487973275118,10.179984008918005,1,7.964916901571407,2.2335407090120007,Medium
-9.415533552513644,3.1172206779554825,-28.413579604688337,2,6.417310879136184,1.0649574879540533,Medium
-9.317623139128422,2.4848913981446574,-5.736837904008446,3,9.032709609593615,2.400918341150591,Low
-17.13802527401932,7.43946292572677,-5.264187894911373,4,4.99042012941269,1.663244585978387,Medium
-52.77681839564734,0.3353243473577938,0.321216232840456,3,6.463806208468786,1.3732283795375322,Medium
6.824199647139039,5.698896848713165,-32.76377731800071,1,6.681767977827898,1.6601776693389092,Medium
-34.33759480226114,7.624586857406905,-0.6296269424851317,4,6.32527446075693,1.5333967704525355,Medium
-45.07851916801166,8.767656367617494,9.996788636610255,1,7.323703957769647,2.01755250751465,High
-56.73798867561889,3.4208174871590744,-30.11742901213669,3,3.1369012153732565,1.0649921319457045,High
-12.728564544940653,8.212573046720129,-26.93511712918673,4,5.611273997912116,1.2061007832006048,Medium
-5.794851052617403,1.1063173695520723,13.426730172290178,2,1.938023225275129,2.2881886050665017,Low
-58.67297368577151,8.464522917345182,-30.046267600978062,2,4.460601948803313,2.392913026300811,High
-19.03255533605752,1.2748866233198242,6.99118013532685,4,5.38900361759138,2.285116454972949,Low
-41.88033798416497,3.9728729056036727,-12.924717895358086,4,6.870018335909252,1.3388959879146272,High
-8.38617676724401,7.972953657795536,-26.40229090782526,1,9.55477947327583,2.0607310060137634,Medium
-46.05068567960068,1.4991742734877378,7.891244569988125,4,6.405859598935203,1.4526714666021976,Medium
-4.724980951802721,2.2925139523264146,-15.508210974853398,1,7.692345245589038,1.4950797042922044,Low
-29.061172295957007,7.222525683930662,-11.68504553386704,3,5.556394535456825,0.9093602181145679,High
14.93839909893876,7.200365365460744,-20.242164683012888,1,6.706936282386982,1.682260606517033,Medium
-48.99832446832054,6.411476328852973,-7.387703171078989,4,1.638389945203961,0.8722717955066959,High
-32.714691915979316,6.939484444671001,-31.006187007823748,4,3.289524227576623,1.1631293981343875,High
-50.92211830075287,5.427244433475962,-18.49051548415316,3,4.256677838846248,2.2100604032398703,High
13.975489462285026,2.5179905890695276,13.317677728440813,4,5.252440195058622,0.9141516184217104,Low
10.187148270478474,3.4569599350391944,-25.802661201437985,4,1.4108387095214536,0.6423165703468656,Medium
-39.36466978278755,1.8159771680142567,-3.879483450228932,2,2.2602168779798593,0.6380151852256326,Medium
-7.20127631726568,9.084505613336283,-22.11454646764178,2,3.491328770121752,2.381569041006216,Medium
5.377776016097272,5.833917947661204,2.5410219127630356,3,9.743794218109455,1.5138408759236692,Low
-15.583935072043012,4.008514167636399,-32.80194866049076,1,3.9821230639274567,1.3188241436340367,Medium
-17.627953731519483,4.620058036441327,13.340157479319963,2,5.338369523008743,2.121757162015837,Medium
-40.65181672796386,9.472833396118153,-15.04157522389984,1,2.764879414645536,2.171651855821032,High
-52.55177857552806,1.533514031160802,-27.017224515944484,4,6.497020639681915,1.1643820662312092,High
11.777260636266135,5.862298320167972,-35.9576788968493,2,3.5261489396437686,1.8872361149475905,Medium
12.033444573066433,5.05888678884466,-30.66331522018526,3,2.8629332059458408,2.042245631703773,High
-9.351883418138563,6.1145423543464785,-11.412432829419028,3,5.649153656013811,1.809301373731909,Medium
-32.877616716103944,0.18110183820840509,-21.464825296279255,3,1.0495521924437874,0.8031901496001987,High
-32.06323403098713,8.721239089441514,5.588585123543524,2,1.0689762938430278,2.251766167034114,High
-1.9235456903808483,9.321182824836123,-16.301186198600675,1,2.9716192819167198,1.5781891054720174,Medium
11.768820796206171,5.65133183589209,-26.320715007680356,4,1.3304922625073903,1.0649448527400074,Medium
10.966913941209384,6.966508238768922,-6.05702573677835,1,1.9722317871762223,1.3504563708753878,Low
2.3900436686099056,9.224993811772958,-1.1272530713004798,1,4.049745844048765,0.5751421807978148,Low
-8.637468307656981,7.072386343133986,-30.812695065447755,4,8.223271116218315,0.7557336024448351,Medium
-53.268802800396095,1.5253904291426135,-30.78094310414253,4,6.148437790323707,2.0310935010317217,High
-47.069702872430895,5.762883601668132,-37.98307151865514,2,5.614009533607748,0.5000232695107323,High
11.884335082166345,6.067150463828559,0.5021108286102276,2,3.6413994088730948,1.3331316569645844,Low
-11.485675227232804,4.24130671302386,-3.490750980800719,2,9.385783474895348,1.5450203621711769,Low
-59.26423587066963,7.3644423562472285,-13.895301833760236,2,4.573135371134725,0.6092688400019446,High
-51.88227657071743,9.343670147690148,6.429374693305839,2,1.7838349011619434,2.4461563259446657,High
-6.919858471355539,9.255685129067764,4.311858412252924,4,6.5535986450602115,0.9522506624993439,Low
-59.5950732923025,4.508393714041321,-7.805509958178632,1,2.0245455412894127,1.1083974392725617,Medium
-47.13535588660011,1.1323804584075525,7.754920428229227,2,4.107008285215229,1.1078850245100547,Medium
-16.10129685067311,9.848411989623346,-28.67873344797775,2,5.56670744846028,0.9608333242346998,High
-4.648384184584543,8.388980864459342,-33.844420933124965,1,8.868002722166583,0.5029476441726228,Medium
-7.843099239791954,1.2466268120326685,-25.16377136656557,2,5.441919223061068,1.9586895881759927,Low
-42.058455243155215,9.208418826173723,-36.86022291508768,1,7.3203288942849785,2.4336909995985705,High
-3.025662292197133,8.698963620621283,-10.78567595994324,1,9.935351550991633,0.9485869665700901,Medium
-41.02007300025599,5.188380571260721,11.513313076222879,4,2.1834020790818345,1.8260943836068448,Medium
-33.96802414725858,5.912754357449293,-37.83610526323197,3,3.4725837296756756,1.9837926539174302,High
-0.2806875905580668,3.9900270387013026,-33.283954729448524,4,4.551184680378817,2.1968507581810495,Medium
-8.029368076222823,0.5476163882203133,-15.12905344441106,3,4.796453606849482,1.3452583940272183,Low
7.937872839534236,3.3519724164590095,11.363125964034772,3,4.699189677389912,1.1058618112808585,Low
-7.3909686159725325,8.028534485980114,-22.611414226278722,3,9.168499023008994,1.1505902680460622,Medium
-14.535311733162274,0.04632023004602859,-12.102085522138417,2,7.426293800201708,1.9252426661970257,Low
-52.5060185737526,3.334991716911442,-37.71349275222843,4,6.471146926816334,2.133558933011272,High
-30.582735755245317,3.9816869359094333,-31.841123947085112,3,3.784354460765039,0.8632279355132053,High
-38.783810585461964,5.373956029379229,14.264656762736578,1,8.414113457991652,1.2418820163155304,Medium
-40.48082852967332,9.198556164127606,13.081528303982502,2,9.5955446033649,2.3038803934983,High
17.840844380195648,3.4634599436596125,-39.72830104860747,4,8.390784542952039,2.1133870393894787,Medium
-28.552182026659167,3.469532018962277,12.349648198278146,3,1.0140859467232561,2.4697168055249517,High
11.36372441416907,7.3750124810974835,-4.848403420147477,1,6.727612331650663,2.0084965193641615,Low
-9.508909920218969,4.522179408898071,7.735506198601215,4,1.4602184329789065,1.2863904020558445,Low
3.5849042833318734,2.2460482293998196,-14.98930794013775,4,3.318464983003497,1.6812756679892755,Low
-19.789032551584633,4.524395161326934,-11.642218428141238,2,1.5357223031299452,1.8220285084946406,Medium
-13.847689229891273,1.4085702037979986,-13.11343808586939,4,6.43415907654449,0.6569116326342479,Low
-20.598584494490886,1.763869865062233,-3.3224658349642624,2,7.179309221433461,1.5889939182077302,Low
-44.38056097615644,4.983677727394797,-32.31918098840279,3,2.030388742593146,1.9186416569452192,High
-2.203830779079574,4.189254495045479,-38.351452557002716,2,4.454549947404815,0.8346426080021208,Medium
-37.53821100473154,9.148459010681,-23.0638532124845,1,5.106128580599878,2.0612634348511145,High
-58.054722685483696,3.623938991166331,-1.2425580494844297,2,4.321477195848249,1.6675455610282233,Medium
-8.362216327426573,5.805883502780435,-28.89806013323784,1,2.0892250043667375,2.4044435713951895,Medium
-45.83114564743609,6.322642879195303,-2.9612161671295496,2,4.770530111687279,0.5848445964137834,Medium
15.23668674823314,0.13094456588333636,13.345162535899874,4,7.760602430275763,1.030652275110934,Low
16.31428616020699,6.635373720167106,-34.83546063158199,3,1.639068980799299,1.7031077585996481,High
13.189151217635882,1.7803596686975143,-3.0068834976180554,1,1.7216201267371312,1.0931198244118614,Low
-30.38730397956445,9.610703174694551,-15.593737938248587,2,4.192941626523858,1.9288483281424844,High
-58.763470677690606,1.4866272775311296,7.747823990762797,2,9.475531404570326,2.018010565043862,Medium
14.265485007018029,4.146241237270237,-30.256761580393775,2,7.017153820506227,0.7050319281329489,Medium
-25.745268134614854,0.8534966807864386,-1.9055726275609501,4,7.108029610053083,1.5277089284135354,Low
17.33238552349357,9.968742518459473,6.096340930646065,4,4.257279917540785,1.5177811111821118,Low
17.089598167140224,5.021950103312426,11.95378207107128,1,6.342947120876846,1.2385615404310821,Low
8.24075643738881,5.953850173200438,-2.421358444069483,1,1.0911806562496904,2.365849725139344,Low
-36.44408863443314,0.6707647738842748,-12.6553879795365,4,6.72486441768588,2.1550126397464426,High
-29.19218171184598,7.499604703991778,-6.0184017889332395,1,9.21958252818613,1.8944187638192735,Medium
8.090933721348549,2.0990559309558576,7.789774146329499,3,6.513161215103373,1.928653271469995,Low
-34.64623958749779,8.980542894407137,-8.616463934864367,3,8.863287341197106,1.4234322876262382,High
-46.4405802651126,2.0513964048200717,-38.32871171667397,4,7.515757499194844,2.341989042193152,High
-15.455899003331986,1.9068772066366657,11.202178252883776,1,2.085025747633212,1.8891908545065708,Low
14.892381932862477,0.3654966784809488,-2.076028693264135,2,9.122079765572575,1.9579621233116329,Low
-4.317616266002162,4.720669451099992,-2.7917637822514436,3,1.597994599201974,2.2233818075746905,Medium
-14.395106392850806,5.648411332626164,-28.137866618125557,4,5.805707252929874,1.048143178684382,Medium
-52.22588049833852,0.6570863942835237,-3.7612991372038564,1,2.279234114141119,2.114141807733406,Medium
-10.799421864066417,7.755276166950106,-18.337457689021285,4,1.1053594965781366,0.8904812059129841,Medium
19.20430800834106,4.532888347480276,-4.182186262717934,2,4.798308341148751,1.1906839044897757,Low
-48.79327878107808,5.243902693275801,-34.13738333306051,3,3.6553663688874063,1.1712209085396854,High
-18.53362781090106,4.407627469382281,-3.8185082468330194,4,5.374004444178427,2.4570509367782813,Medium
10.18984575423643,4.00763060875326,14.967754917386664,4,6.194798980610957,2.2130744474958535,Low
-0.7385105796636466,5.596403313082179,-37.34833786266942,4,1.393651650780526,1.9023397231805195,Medium
-4.2387407203785585,1.552402459307125,13.744580132172452,2,2.1070296561137107,1.9541135232307802,Low
-3.801273281031257,1.8192813049527112,-17.620062160242117,4,6.027781568053828,1.6241455888051421,Low
-31.240707902419587,8.617856210135173,7.8914397685492546,2,4.088506178553924,2.394181334217038,High
-36.512652458840535,9.461154621336327,3.0312016232050425,2,7.562561387945032,1.492517505764723,Medium
4.748892438281089,3.7330931627975295,-8.814105645733271,2,6.8706248373274565,1.261035419739789,Low
4.809071574334467,2.707446731435538,0.6147065088229553,3,8.610439266909161,0.826070673863182,Low
9.3657854864083,6.439995432390157,8.318355871574134,3,7.2324354400230275,2.0724113045221157,Medium
13.05924420451771,4.087341710980964,-17.772282309193187,4,4.869379696511333,1.9688878641511829,Low
-19.092608091124973,0.2538635566034486,-22.01317611402187,4,7.056699601549892,1.2687100770482698,Medium
-19.87869642502403,1.5615259736619036,-3.2823637940028405,3,3.4784305682987666,0.5503868279184587,Low
3.8636143173420123,7.159722288473976,4.43152680676922,1,3.756821489003914,2.1779946554360214,Low
-8.002885537778788,6.589239419101514,1.9256824127138685,3,8.10086643928714,0.5228359669081473,Low
-3.8426498193837304,0.2709599250348349,3.879750687224899,2,5.01777564761424,1.907399559258102,Low
3.6634135548880806,2.219721619329494,-16.042917685288685,3,8.185423064665173,2.440514219452114,Medium
11.200427345405302,2.310747965880714,4.98088188962619,2,8.401801363014506,1.375322656296407,Low
-32.96038745187714,6.718927435987284,-33.38850195461654,4,8.718061038951554,0.9699468099919055,High
-29.95336378880448,0.19710537754364155,-10.053099612153275,1,9.249717122570866,1.9097420200867634,Medium
-52.48144481273048,1.0410858198457384,-39.68327367260331,4,4.878866984619666,2.1342562840311703,High
-13.737588720306078,7.999160853731894,-22.147779355485135,2,3.8698013648902494,1.5928606321556946,Medium
-57.12461809626063,1.7854466205433361,-19.844615582073118,2,6.2397887193470245,2.4340705505122924,High
-22.75215854940319,6.527461078518747,-18.210501961490955,2,4.340551810938648,0.6033374433159222,Medium
-16.588429223393874,2.381827810467265,-1.7493036320575825,1,6.4096675012020965,1.5095911966090563,Low
-37.07669982973725,0.9944139275934516,-18.629304430130986,3,7.350272763794422,1.9369078946451002,High
-12.73333915447914,2.4317219099945406,-15.321850755760813,4,7.195645166429232,2.225280942298358,Low
-57.559980004876046,7.2226693185565916,-26.93507280191199,4,4.370975983181092,0.8585112238155801,High
-57.01214490006285,8.556964681062858,-19.471151460386295,3,2.501741815288775,2.100006963527363,High
5.808044852772667,8.302198645669916,-27.50017050052667,4,4.874764046159868,1.6054141514370905,Medium
-31.184748687098967,3.9718352961845484,-35.9742241927356,1,2.283347296737179,1.2931073639799264,High
-49.83515898784922,6.680851365706461,-6.810327364024218,4,9.010873316654274,0.7634300571581871,Medium
-18.22053919561565,2.0498429541582097,-3.248296079474109,2,4.112897146640717,2.2305915178178246,Low
1.5994842478888671,2.9314773026101326,-5.928030969471202,3,2.390137725009914,0.8145464163594307,Low
-42.73431780025255,8.963358185211197,-14.507827590968521,1,1.229029839151758,1.1195757184181985,High
-10.168761934479981,0.13001923510736035,-19.11178209014236,3,6.8124014765783585,1.0800910639248738,Low
-53.17220280049856,0.8550853085446808,7.483350726450389,1,6.732120857092689,2.2428280683817086,Medium
-55.86546230651138,2.078862551460273,-11.450501817508005,2,4.065437499231625,1.845405988417796,Medium
-17.491629474548162,0.26532203873819715,-13.644996730364795,3,1.6454069996288592,2.0933627943827444,High
-16.74919027119148,1.8143543508979731,-38.589686380646036,4,4.686660054057088,1.000935797584998,Medium
-9.005607880143472,5.830415609696922,-21.2313694805614,1,3.800957455570542,1.7497481992139978,Medium
-1.9126933021870798,4.214245505924979,-19.08924096677786,3,7.094085757615084,1.6434919662874974,Medium
18.068166357002767,8.926717110769749,-18.064747050670473,4,6.452013245074213,2.1656607535765424,Medium
-18.695972135904377,8.17443561738441,-8.090519692496724,3,4.28134355377786,2.312174120962521,High
-34.163482164700326,3.4181735169787597,-10.651859930021686,3,2.961032988294911,0.5243135429547736,High
3.6148955814962918,2.594234334312925,-6.565219896360546,3,9.892323695400327,1.8480398381175853,Low
-38.33341989903406,3.7969240816726693,2.068579384817056,1,5.086014590765034,0.603671598239458,Medium
-24.88228634354911,5.902949425148077,4.714215629385144,4,7.194468122022133,1.5977173301547118,Low
-53.723489492618725,2.6806364082287626,-0.5032308075428062,2,2.264976708205247,1.0752654580873564,Medium
-57.9719405267634,6.24148907849134,12.55380327752141,1,5.37030729693458,1.1135531990442824,Medium
17.01187317423401,4.0941165219124045,-38.99720795280011,1,1.2478304788251893,1.2059170069047132,Medium
6.8784096409764715,5.520471808519803,-29.232210787404966,1,5.549096061194049,1.7425848980992202,Medium
-4.322063512504158,4.361265291353167,-39.584041876202186,2,9.67615666405932,1.1680999313375384,Medium
-27.283764446858413,2.9446575954191765,-4.388890721496836,4,4.457860416872202,1.9653981011805608,Low
-46.13645439433234,9.484533069621566,9.391680192249282,4,1.3509641131742043,1.3090547711477394,High
-47.485036586313115,7.636057941597608,-26.60847368830354,4,1.2786021182740916,0.6367064006199172,High
-39.980568146832375,1.4011317576645255,10.986899963796866,3,4.4918808395218255,2.0675196849682145,Medium
-16.061866823510364,8.684679758979128,-36.685293534074155,3,2.4402244281687464,1.071516649185412,High
-2.832326183995015,4.874311982495136,11.393981474303288,3,1.2101688669536732,1.3655337591985253,Low
-7.184209862581497,8.945522268940914,-20.660752201820106,2,7.805922525551591,1.870887766443803,Medium
-37.60528824432457,7.998552559473152,-34.42185443529309,3,5.126707079937016,1.164912314297424,High
16.389222453055524,4.252135044692334,-13.27705324475209,2,3.603202947753891,0.6131713122934312,Low
-0.9682466643385226,0.22469308320117398,-25.877288775372065,4,9.100748647148327,1.2478420940256272,Low
-15.651675799087947,2.686773593849461,-24.331990392094244,3,2.0452506418047305,2.388897165388607,High
-11.062340301251822,5.416342146608669,-23.099051929054237,3,9.603269460597874,1.7834687945971164,Medium
-26.431995005776805,6.334782198261473,4.166424380796485,1,3.8257004563961754,1.8429582973344139,Medium
-40.18152083990741,2.578876854332023,-10.346129782861002,2,8.995633050778132,1.7645643072752797,Medium
-31.522185707899073,1.3935607407282413,-22.8780765464198,4,6.426485888315154,0.8979842779188736,High
0.6276888371495275,8.34930236799299,-6.431641917899491,1,8.440366237673388,1.3366677282045603,Low
-58.84852090961953,9.84402180703552,-0.6117129177243541,1,9.856118468894179,2.0018795967266367,High
-50.7141887594467,5.256901823026858,-25.005679959655644,4,3.5956489403687115,0.7027457951063183,High
-56.31978863825978,1.716792858483035,-17.254799416105666,1,9.650219368668337,1.0557055521794245,Medium
-56.74169581448239,2.7230732651936895,-33.29626486646789,2,4.505337054121783,1.0526382169317072,High
8.436846720880581,0.18390676547466733,-30.036785775592584,2,4.4696071426323005,1.364037855189012,Low
-3.707371249598104,9.14298806560499,-2.538518031925946,3,4.063483938290551,2.46073748188437,Medium
-22.06609367301398,1.1775108289014113,-30.020890876740516,1,5.872668466128267,0.6350050933676439,Medium
-52.17326714791988,5.765164755142536,-11.116013898311692,3,2.387305388606384,1.53740198876119,High
-20.670729990653413,2.74055220687206,-1.0024556052661993,1,5.983403368222101,0.8587293640244209,Low
-22.122258337554747,5.541780025157934,-34.12176922978909,2,5.875343311690036,2.4413530908194883,High
-46.143850407198784,6.514203883518642,-8.797827920410306,2,7.85711631344383,0.7266070094549284,Medium
-25.29186806096216,8.297418037072017,-25.889046896424993,2,8.50284965743827,1.3072020047231825,High
-28.119621248210123,2.064212717606032,12.960978138066892,1,4.963972152811817,1.9757699696692124,Low
-10.731992155822681,0.10995828658480478,-13.40498943040414,2,3.7209992441634436,1.9091088560548906,Low
-9.192507930588498,1.3688563006880727,4.329590237633695,1,3.33401407585385,1.3454572737878645,Low
-56.37567921823644,9.00018641848105,-9.737540181405603,3,2.7516145303438475,1.1930483359054365,High
-30.030990829882303,8.738900775625153,-37.61231069298495,1,1.5188282397912238,1.2952247571057411,High
-9.931206742861093,5.974131021703083,-5.1766743423287735,3,4.08203180951242,1.0285525263172786,Low
-19.749099313592986,6.005168604336534,12.327183821366134,1,3.4322292291770493,0.9106658774135996,Medium
8.519187295065777,6.650366745462555,-6.911349891951787,3,9.697756472797666,1.46607939511778,Low
-7.304509470484398,1.753712786234496,5.05538726847346,2,6.019379436250396,1.0370675121352146,Low
-46.965245833485625,9.144119459249598,8.631355484162427,3,4.125493351274568,1.0749233297945002,High
-54.354500207965614,4.187705248920731,-27.455612542808716,2,6.224208408943264,1.8135121269491141,High
-8.606457743494751,3.8313852824949746,-28.337533805047535,2,2.2527703121112594,2.4370746633997844,Medium
-57.87909515667025,5.189177052828375,-6.396045613195454,3,4.996393742819826,1.7072744011187502,Medium
-13.13795349812294,0.46965966775055046,-17.39343416063124,1,6.636108892789575,0.6539589341299326,Low
15.218419313996606,1.662833687560794,6.192371657669618,1,5.400080486132063,0.651167227708134,Low
-13.96206576992968,7.380336164263705,9.501271786890612,4,4.616009205888918,2.402846441691132,Low
-28.946405903478247,0.8279866792512647,-20.561824138350502,1,9.944635500097284,1.0945815806146673,Medium
-8.536942524611746,6.031521094663882,-26.972119256403488,4,8.922832859340343,0.6841339721649509,Medium
-23.339768760678666,2.4534910968132095,2.928903338412397,1,6.610653623434961,1.6980891743007631,Low
-16.3506568547252,3.8929561404197655,-24.885668044852515,1,6.124396250640545,1.7472975565805322,Medium
15.317184702122006,2.8869373677069987,5.2437875182523115,2,6.585944318421257,1.7970096402373763,Low
-29.11178897593806,3.5567271646494913,-16.694396049318044,4,2.8118089704018994,1.0348040557150826,Medium
16.895245105913133,7.1904590518424545,-3.2847555389691223,1,4.5562396893788675,0.5302213684289501,Low
12.4280513564851,2.9712171562317504,-34.74555773909325,4,1.3551357960180939,2.4300307389089437,Medium
-44.336709216856285,5.664046402968972,-5.687737142788485,2,5.27991433738144,1.001786091382205,Medium
-54.451095929986764,4.760504021990997,-15.152777669452398,2,5.887221255618969,1.852052576105095,High
-51.93775988980587,6.636711653626481,-7.736534525348922,4,3.0497476249288864,1.9132597397574191,Medium
-58.54225394787602,9.36829739324758,-30.759218574032513,2,9.676259624489624,1.7200148341589714,High
-52.44456313952573,7.325720972102503,0.5280559719300157,3,9.185091498435177,1.1258147884272964,High
-5.35945812669145,2.149403785907568,7.453839264877573,3,7.499289119103153,1.0421925075281315,Low
-54.30490812318168,0.3118313506128467,-28.07931099500734,2,5.800479658888263,1.6953365654054062,High
-34.4819495764991,2.622640442998251,-34.7356994463911,3,8.829722436829165,2.2321912672233832,High
7.59002487755636,5.9507793070025485,-38.6998777674515,1,2.1758710944111663,2.393467457846791,Medium
-58.13824514113393,0.5142581348425035,-4.691567475620367,4,8.114588148473965,0.7118116088075153,Medium
5.157478607114868,4.963662472012364,-6.60982801511706,1,2.1233873257016347,0.8096572251954397,Low
-37.451618018128,5.968428489168892,-9.93164230072615,4,8.147895962944649,2.3894725175661593,Medium
-50.5468137902675,3.3424389081696084,-27.24290971362135,2,3.481908114262213,1.9730704566695851,High
-4.26102677086795,7.7091220374582194,-18.500170225196694,1,8.8938152291637,2.265987649659546,Medium
-9.684572257609283,1.065982531337718,-7.303801564760484,2,9.49637884442858,0.9052652682706863,Low
10.197761082164234,0.7513778173580876,-12.677822762745684,2,2.3391637246460406,1.6751717422188037,Low
-1.1943164956891366,7.281887562036033,14.3282036118188,4,5.164080445588541,1.9022791888349473,Low
4.278474430787881,4.954913162061985,-32.49581360937968,4,9.828886403464166,1.8602237708939453,Medium
-37.437234194295485,6.88402396427736,-1.7670495273823406,4,5.35066692375832,1.3163033817333962,Medium
-45.804836497622176,4.348273386037462,-17.762467754263934,1,8.771927702630906,0.530789783382617,High
0.04918013126867038,2.464020332391068,-16.44902117909119,3,6.298583699181878,1.6658521136085263,Low
4.546779141381123,8.191023176741997,-0.5321228888003091,4,4.377969171276417,1.0062030783592175,Low
19.24041136005387,7.994158789689792,-1.9160116771596662,4,3.5720519997328317,1.4005084922857807,Low
-26.99058584708588,6.946964708544268,14.51907965362036,1,2.8290078197747857,2.4151620301676346,High
-30.238553136577345,2.7214513722996267,-32.93831408002311,4,7.856183722399275,1.2980706352848694,High
2.1130368593597453,5.902306668690871,-34.273969283870855,1,4.478864561407251,2.1796032133288534,Medium
-32.735716779758576,3.6097389694002677,-0.16136505791923383,2,5.60147915980676,0.8770812114985023,Medium
14.46058604828518,0.9158207332663415,-8.1887195646475,4,5.430929320010637,1.8449209960500577,Low
8.673020147440951,9.173135754622429,-24.92116333921068,4,6.195511263098181,2.454013908877887,Medium
-25.680477809998536,1.368186309189614,-35.63193470560574,2,8.79019431062097,0.7037862017458736,Medium
0.06968542331978966,9.502373538208024,-35.28879627219632,2,9.826654092250864,0.516639884454384,Medium
0.36342992677458597,4.460057729579558,9.180498106526507,2,4.668257877164352,1.3671655852652287,Low
-51.75009049312539,1.8513292883861965,-29.44729714046914,4,8.447670298956726,0.6852509661027344,High
12.204232534365332,5.419009473783581,-22.21456408364636,3,7.8807501518924585,1.9967686993524627,Medium
-19.57981020417143,8.729458358764083,-27.53389787751566,3,6.1617605631001595,2.329097327697118,High
6.116597288619332,7.322248864095612,-20.475203179243447,3,9.604424292507398,1.3680419454175177,Medium
-34.396031917551056,8.065611478614498,-36.181688648964865,4,2.804270639755625,1.017423284310882,High
11.641858279696038,6.587833667107174,-11.451711500045128,2,1.9833778927865926,1.3688066380132196,Medium
-28.863865701266953,6.922765645178525,-36.28130900242818,4,8.6856577025988,1.946895635700002,High
-59.13298788157613,8.491956515653193,4.019607930229888,2,4.952348349703735,0.518108323160742,Medium
12.430558113541096,2.4966800885918596,-27.14583549492618,4,8.622719687863544,1.6789079789693944,Low
-52.697065857109315,4.894249636431405,-10.299344696751916,4,9.037811846758734,1.7265833697747581,High
-34.45490899276681,2.2120944181960223,8.404349815880202,2,1.562118342571643,1.775376493791871,Medium
16.004957364064396,9.87668007996647,-4.201744702404319,3,8.951182866874547,0.9840441599617544,Low
16.048571755004488,9.440593396866133,-10.687321739676559,2,5.0348714983248,1.9281054467562535,Medium
-14.12496895013711,0.394268113685059,-22.161643578654342,1,5.59389240103809,0.6827829726635528,Low
-9.453023026416062,7.055751725156885,-21.684894781799112,1,6.639332599838892,0.8985406729336016,Medium
-24.12435824173442,9.252483174156659,-3.1782174640995464,2,9.33744346057078,2.2549400933089636,Medium
-36.543138264154834,1.8057534512733353,14.67766486716421,4,1.1720448498678762,1.9774463014531327,Medium
-33.70683637040672,5.679452305526294,-3.5988445582841777,1,5.291591214860354,0.5274911080226905,Medium
-6.198523513836925,9.154882975880419,-9.32191204464863,1,7.189498381875046,0.9967525207396004,Low
0.1899623550144014,0.3394597858579884,0.18577806315853707,4,7.5043626192840565,0.9288129659863291,Low
3.326323498067879,6.974202672468399,-14.4136913243955,4,7.232791883833972,1.0416126560739452,Medium
3.169451423564311,2.9734900737255074,-36.69217115695681,3,2.2099161646730967,0.9951195405597728,Medium
-52.703511756104774,9.243961953765304,-9.07367512671496,4,3.694560295345131,0.6250525914856915,Medium
-20.446375623793486,9.710582451653679,12.669390647795915,2,4.228439728753122,1.4178810331936407,Medium
-55.395299198668454,9.442664891134338,-30.35833817032872,2,8.239934869115544,1.9654669495723303,High
-16.03768941410116,4.742142166574638,-2.049731004863382,3,3.508838851730977,1.7134634494348728,Medium
-24.677559890129842,8.620426509893134,-28.948647123751893,1,2.8963446748048285,1.8457433371961596,High
11.016334620663983,8.445493985350703,-10.529477353980532,1,9.617032171342865,0.6622983570724783,Medium
-31.926798995833707,3.1910047324325563,-34.68279526943042,4,1.07976956602122,2.4029814203535746,High
-50.63463868579153,8.289154741506774,-15.229598505799817,2,9.980387701137804,2.1769836676860495,High
-48.56066543577313,0.3700763471549262,1.588983089238532,1,7.091391689716561,2.110180636991325,Medium
0.9208505373977829,5.96269878482053,-20.883566166855985,3,8.456223695042054,2.145967610083535,Medium
-10.542554934699112,2.3000883728770303,-3.4298551532030075,3,3.6515745671157385,2.3654210162655227,Low
-51.91018591017678,1.205668857772788,3.7497478434351024,2,1.1288374990035397,1.5885079322273954,Medium
-53.27145551080021,0.7695320162920916,10.994780071369895,3,7.64082566705377,0.9005640357352518,Medium
-3.9224694832704046,6.962887758781397,-27.094685497950053,3,8.507301373006083,1.7335672157050823,Medium
-54.178959490864514,3.3987496376806616,-18.037624630488054,2,7.664285187581672,1.985762987335878,High
5.748804743228504,7.247667715287615,-31.61711926682704,4,2.285652585707547,1.9758347867080508,Medium
-3.500621827480302,0.6535634079894237,14.58659261871064,4,7.7808513003127215,1.5428980483337602,Low
-53.49209754864802,3.152903378306103,10.98505323583624,3,7.920305038968769,0.6369174386671561,Medium
-53.21298287318464,5.394912923753372,-10.302357834569221,4,6.926864641030494,1.2422258768602557,High
18.931166280094033,7.907231648389636,6.311831190703167,4,7.895043395160275,2.341533216926715,Low
-30.058336339510376,3.187525029320699,-11.34731125003768,3,8.613292957099588,1.668897819514852,High
-30.34862823464873,6.2589137643700905,-5.702787159848214,4,6.522437028137126,1.5766638865114269,Medium
5.0239653806002025,8.85977748236187,-35.098156233619086,3,1.7974424257271115,1.037707028764387,High
15.779886190708694,6.158631881823045,1.5398731273244337,1,5.388650287004898,1.2368978398331578,Low
18.880085105829664,2.329594747536338,-32.975758400062084,2,1.6988440120444457,2.2906921783063385,Medium
0.2702548207153299,0.2440078155653802,5.433719663889065,2,4.667887279291877,1.8329260950536714,Low
-29.899233157526737,8.700988739009299,3.011544821871226,4,4.663958402130649,2.0747740535046657,Medium
-53.3199426641065,0.21269410850387138,-1.0190416241362925,4,1.5940885972621741,1.4086908461353103,Medium
2.1717532741949412,8.747016726841995,-38.01117907113808,4,4.139384805725314,1.7604944389123158,Medium
-15.3276600211356,5.28937134027212,-23.327940423006925,2,1.9989828891218335,0.9967672174864151,High
-26.062239260241896,9.390676985128962,-25.528808654903642,1,8.274116890083,1.9109216605669725,High
12.508350807578879,7.987832357736654,-20.19249758906645,1,9.529192233680236,1.3552026674066746,Medium
-51.104201415507895,9.979341105333376,-35.17964892798888,2,1.6508482773214475,1.3850910296294912,High
-20.58999165673127,3.5071181545171015,11.532680266708454,1,9.596036865625313,1.7986446491537633,Low
-59.09170841860647,7.671882889311269,-9.540876760819305,2,5.703189394030707,2.372561242937853,High
-22.5071486404699,4.019309136092422,-23.196162913808706,1,3.696091101584865,0.6280126932172418,Medium
-55.495737945453016,4.798756203039089,-18.16601656091441,3,1.6917586774854716,2.149486474694015,High
-50.494566698554245,6.275054632183701,-15.403860272234038,3,5.50561841263376,1.0847662208243862,High
-50.59790025783161,8.736771141863388,-6.967311665166051,2,8.150639900416738,1.3878389090127556,Medium
-8.063175830714911,9.840834691992951,-11.637631476692622,1,7.363778295400284,0.5438266575500179,Medium
-0.31640965876613336,7.682734138645182,10.566558526792953,4,1.4520341031757638,1.102092155668626,Low
-13.330498792227232,4.177667821673338,-12.667008440179337,1,1.6561165183111317,1.505262485260261,Medium
16.97380387796335,4.213570022770702,14.568690815282196,3,4.625859543693734,0.612352154694878,Low
-30.010353638103673,7.375823015888915,6.828372675980269,3,3.6576144464314897,1.4821914587663303,High
-37.14303309745114,2.3877714576830233,-28.53192171034653,1,3.0914589075044305,2.354221257716855,High
9.487930255156826,1.1047411313139466,11.182736805415395,1,3.5290404901784225,0.7107864362156104,Low
-42.11233291844379,3.546221576407765,-33.599848116298816,4,8.23134468967196,2.0288814561510087,High
17.057803155248905,2.8723899165408175,4.959733967015538,4,9.363052482686685,1.3193421067519853,Low
-59.027642024814696,2.963081204559901,-19.065718858788095,1,4.645924250748098,1.810347429048676,Medium
17.59030613661112,2.3360775104990994,8.288587624478822,1,9.154999019192473,1.0204731959704587,Low
-56.54720704395391,0.42093189636361883,7.743117955909767,1,3.8934613112309377,0.8189845250827166,Medium
11.291449095845692,0.1787393473341381,4.325897006469162,1,5.287932877094125,0.8209252285424529,Low
-17.78391127309601,9.877223897360315,3.451673996888374,2,3.0342609803439977,0.6409838912862893,Medium
19.437183689544028,4.277731337358624,-23.242647349607758,1,6.7642843795825955,0.871293409802486,Medium
-54.096274821168095,3.8432664715968166,-35.54943943218113,4,9.81083003657328,1.8284387699779365,High
-15.69165724789434,6.796472826930699,-17.83609016791612,3,6.431437864390408,2.2633812236870163,High
17.54420284952792,2.1825388786506417,-30.45615167574202,2,4.22032675702194,2.1282513711823237,Medium
-18.152172466388095,9.499611839502254,-1.7776901103646026,1,6.830357013914755,1.8702686197489682,Medium
-9.648108949178997,7.863450144155521,-20.964515040421794,3,2.106286106188488,0.7208637268222053,High
-4.34010488123063,0.8941100231225951,13.658561047295322,2,8.997931722388588,1.0783748925918997,Low
-23.63671481857814,4.175807757849284,-4.746535746006742,3,5.527755557018527,1.119613750644938,Medium
-9.795353593274925,8.791183075621646,5.236430999889855,1,5.0441476783567785,0.9999138927952425,Low
-13.254855046151981,9.447320222914103,-32.71114299919834,1,6.272783096081673,1.5300113194194462,Medium
12.092640839279113,4.674015112498697,7.41079652499424,4,6.623054765104622,1.5711076297593451,Low
-56.36428957268337,6.134113892107077,10.75164547823669,1,1.6459822560386173,1.2137719503422204,High
-37.522944832621576,1.6703394609207523,-13.211594464958527,1,7.143554991010622,1.207578317472872,Medium
16.032918726124706,9.911686261369766,-6.656088423696239,2,3.177385122839766,2.1571111958121625,Low
11.221102711273303,2.3167170138344337,2.064539049664752,4,7.4255736925593085,2.0785856966393714,Low
-23.54745977714296,9.427317741351256,-30.38387550067731,2,8.40281314945777,1.1155916633614913,High
-10.389392175877063,6.496466489923685,-12.358865794510667,3,8.235626567972684,2.3275768877465186,Medium
-37.80950536150939,6.077367948788591,-18.07353347252278,1,5.972508706671002,2.405630034005012,High
-44.9503072220991,5.126885110165086,-31.9494304310763,3,5.68152903079676,1.1534850840600817,High
-22.90412760480143,2.3066981171775867,-19.78560677396577,2,2.2858836520547055,1.2088498975861097,Medium
-31.731821757915775,1.7652803200550826,-36.25052298379785,1,7.978115353628221,1.5112683068439177,High
-13.307511051930234,2.2048620907017535,-38.580345117778215,1,3.4426844240204293,2.382241625067347,Medium
-53.781229042801215,1.8643826214425452,-32.56585409648475,2,5.470258805361519,2.252638866284623,High
17.95158461329332,7.795844735667533,12.971331137404562,2,3.5584668363476504,0.7051359251671796,Low
18.896859558368234,3.501252591667301,-9.775875525774069,2,2.2044552669972384,1.2854614865428324,Low
-4.147062878420385,0.5784267656339637,13.120218863427098,2,6.666019272025629,1.6067423794995437,Low
-17.112290692470367,9.691026301408113,-16.21261669184274,2,1.4889883134061344,1.50626494510308,High
-35.23779069709378,8.837858849634257,-22.850112680310723,1,7.7378071071358,0.8877261358737853,High
5.103601576555889,9.27752283195213,-12.162197543786576,2,3.85828115735005,2.2176335423363094,Medium
-5.221506195689656,9.949078226464353,-15.826857125189942,1,1.001212237040368,1.8538815659936747,Medium
-46.99064485240869,1.738952492194873,-34.18844236560408,1,5.6001622531350685,2.175816749703607,High
12.874174759507397,3.9624201890265875,-4.754552692038658,2,1.4216671767484281,2.2175285586989446,Low
5.8029794338535226,7.582384757040913,-28.11789996197202,2,3.4855260203880953,1.9967117073314795,Medium
15.983993063353921,6.960206180537922,-5.922662480619373,4,7.362788387101445,1.3784212024994347,Low
-1.9424393289312007,1.5389590633985506,-4.238939918101565,1,1.5642065945967927,1.721093510030849,Low
-10.926784325136808,8.158331249906178,-31.638633077924354,2,8.554046431204021,0.8207308122394863,Medium
-26.54055709675049,2.2444057183666066,-36.62577050891325,2,1.034379303927248,1.8472908349498154,Medium
14.618278668321068,2.2381761482262306,2.9418872337641915,2,3.2214148228171204,0.8585065114785615,Low
9.28511116003267,5.3697442289341355,-14.710976692687389,4,7.668136505368643,1.8878991810203136,Low
-56.38250639150485,5.929399348417031,-36.80099124719883,4,3.846431347563761,0.9591963215079373,High
-57.89064204021984,5.8008620783781115,14.717647444337196,3,1.9170314925941216,0.73510260030044,High
-29.882930649756034,0.9148683739775487,-36.82206914519983,1,4.242105269203851,0.8305689802859149,Medium
4.844266462546628,8.774608626303804,-1.7730624127795735,3,3.4335395774607296,0.5039842704381405,Low
18.98209034519556,2.6560004258870604,14.102340889487749,2,8.584407119444993,1.9374792357070605,Low
-47.966648711717745,1.2951492128280417,-26.845094268124093,4,3.8201312582662883,1.9648020981167582,High
-12.46954277182919,8.887480798689772,-32.17628472220421,4,8.100392245984064,1.529866699826519,Medium
-29.528731469518277,9.556514982297534,-33.32382833176641,3,9.026849303296613,0.8227256021107674,High
17.593151825168263,8.621276172654506,-23.319866883782243,4,4.904356776188766,0.6671086750213795,Medium
7.369513850856691,8.09516074724878,-34.44248039441443,2,9.189488294689529,0.538257932874574,Medium
7.066296376891032,6.552419806390217,-1.9311262068227464,4,4.395862485668736,0.8314963539304414,Low
-22.50454721640238,5.5085737060913935,-36.57395110284655,3,9.676705748410974,2.2817110699662937,High
-26.814439812986784,0.8698675991141014,-11.981782951761566,2,1.8036057207301563,0.9830736834033635,Medium
-38.1274342455435,4.084532130706987,14.818326961913726,3,7.183173398529185,1.2085426544344313,Medium
-55.48996026792583,3.72688517012314,4.768364822831032,4,5.444326364112358,0.7106909689626664,Medium
9.177790100404252,2.5975378376032623,-6.162930897294402,3,4.488839249100824,0.9447226094963406,Low
5.032080730406207,7.234201136885849,-23.156050856736357,3,6.694406908737408,1.5384491415604102,Medium
19.977413862890444,4.9587573507877085,-5.685729003959885,1,7.334713824708981,1.7155053661913051,Low
19.730946965912437,0.8104621590764793,-11.012719484859161,4,1.0392694268527818,0.9907046283324221,Low
-15.565463551789804,2.2018320194981134,-16.565413886029567,4,2.5025777987247886,0.6154643184502344,Medium
1.5189932144408402,6.832587636595959,-32.81092927928903,3,7.417414455708868,1.2820657382547973,Medium
15.581258390594243,0.7613085949030018,8.763231838225671,1,6.997468722203858,0.9684067418526683,Low
7.971791254192922,8.512069140487688,-15.261844314827261,4,9.694427546158096,0.9391078464596039,Medium
-40.21215186054419,4.951465270139743,-29.29576184985792,2,7.849340112257047,2.4197256054269105,High
-23.956469175192517,4.80586577326648,-19.773235701749073,3,9.556954369582042,1.7326009718514481,Medium
-49.6672467878804,5.924077846595176,-17.222863610909013,4,7.322864513813263,1.6137568863441918,High
16.324082180697786,8.246809659251491,5.51458425617809,2,3.6824698777549885,1.3315502070466438,Low
-11.506029243929596,3.4780920790219305,0.3487909308771151,4,1.9482843002577082,1.3578886668602885,Low
-41.70857555972298,6.780161525590636,2.3117691502736903,2,8.03641477010442,1.5818100076761616,Medium
-6.26394524753146,5.657319639957911,-39.39328045642441,3,6.797342993283243,1.8928596140722145,Medium
-10.549740763368334,2.6702827016942132,-17.111530100113118,4,1.433674111539666,1.9042921923636589,Low
-31.346982557372762,8.78629986355158,-13.526071660057202,4,4.240454193108805,0.8433878154108991,High
-50.91539262402968,7.974260216069281,-38.944424774731885,1,9.611198339358575,1.500225504153254,High
-6.27414435257603,6.584518346584255,-25.71027351902312,3,5.503610311391811,1.323916190068204,Medium
-18.375383927696532,8.505817290942419,1.8159402717174231,2,4.894562224177342,2.2410539325387684,Medium
1.7854713388511456,8.672942009598025,-32.45896618490505,4,5.119296446433646,1.7628378424367528,Medium
-18.38691991104053,7.083629767150348,-10.55794277010746,4,2.8799445160464736,1.5650081328319636,High
8.174520025483204,8.37013328363672,-28.16389703905194,2,4.318364537783157,0.7307892843578347,Medium
-15.847452898041155,6.974714616692836,-39.33335739458587,3,4.328319303884589,1.711275778646823,High
-15.124962277169097,6.801407717603004,-26.73391983202522,1,1.4711951816872517,0.7344078113604668,High
10.132288212667603,6.186113782151843,13.67305652005296,1,7.908108656661264,1.1744131511315041,Low
-27.721370703008233,7.527166395576412,4.08454115356443,4,4.7485398871349105,0.7856839296286637,Medium
-49.27878172394874,1.586051052930737,12.77671543765684,2,8.39961898134781,1.8841472940487378,Medium
-57.69738589493288,8.808707591989284,-13.168027584050066,4,8.653132010079059,0.9125042276723052,High
0.41098045388952187,8.71843527745232,-33.96450907273731,2,2.9079464922879223,1.283718746376052,Medium
-10.375235891722824,0.29247283034559146,-9.862228106446889,1,6.916181339531157,2.2913495552375576,Low
-3.6736185520621163,8.258167505647627,-15.00924659920215,3,5.250536237466836,0.9086327667979406,Medium
-42.96286707928714,1.288698674734452,6.439639550678876,2,8.921410641293367,1.5156101279175582,Medium
-49.09028195305842,3.351188542591419,-34.605458056866546,1,2.941666112588087,1.338543322332044,High
-58.836426746569444,7.435082562916078,-13.1467374638022,4,7.100318802790398,0.5362480820914595,High
-31.952995295472242,1.607598960483082,-31.747323441830865,2,6.469769100274503,2.0855162271456256,High
-12.806585051629355,8.179670241190621,-22.142824021046703,3,3.6577132981464953,0.6380918126291995,Medium
-28.620476392021416,8.32134177957742,0.5546392563289828,4,2.2294081328605535,1.4485100419539072,Medium
-25.00200623810167,5.074677337608362,-13.81900288471784,4,6.8647578442954895,1.6213565898778999,Medium
12.332695559499868,0.0638587171683358,-19.32614431698269,1,7.647377123190976,1.7568529132291741,Low
-32.13956263813597,2.870381331749128,-18.303804678648056,2,3.84064609387015,1.8772632586157512,Medium
-18.880840867215134,6.169269183757422,-14.730427737670734,4,6.803493436200824,1.0065447670454302,Medium
2.692241019291444,9.811861780274235,3.1759099110381257,3,4.556178168503529,0.5199575533168987,Low
-28.276577414298387,6.3181352701666835,9.06465789171289,2,7.41886194954356,1.946887324709824,Medium
-10.233063981770123,2.5980358106415977,12.543407757716054,3,2.792937474046478,1.5713131986951572,Low
8.98909669973962,6.340057030996114,3.2796862440412298,4,9.01193502372557,2.1722354064144973,Low
15.961649892611376,5.3998537971585545,-22.6526207338593,3,3.5866863681902177,2.1427767258013883,Medium
-48.23412152567697,7.798453951511436,-2.1525911652401817,1,4.310073889805376,2.1866523355757663,High
14.127010012919555,1.069806388269584,-15.931828176953445,3,1.522827568723148,1.4701893199590803,Medium
-20.630696553636945,7.61027902502028,-25.993115787467186,2,2.0036099108914875,1.1672567916737313,High
-39.340448936083334,5.412665786761103,6.247936868425747,3,5.642757124410953,2.08311640518274,High
-23.269139500939097,9.629920038589946,-37.886550807072126,3,3.4083340905517434,1.4025882260585099,High
18.40260602283817,3.418721660386861,9.596909567448293,1,8.51932203167975,0.866884392806869,Low
-20.59055248057043,6.326218931339481,-14.618739445639623,3,1.1322404978945846,2.2099480391229487,High
-33.699871176999345,9.320281055100175,-4.9539187755445795,3,4.411846438047426,2.2651197535446945,High
-9.327931654661938,1.0250972799067926,-3.7355342786819534,4,4.0361099209218345,1.4326195122803402,Low
-40.78835049774455,9.372284872364512,9.231475738859501,4,1.1739486782584092,0.6513994546195749,High
-53.93093375130689,6.878857223008134,-4.983167480803594,2,2.119315591004592,1.2756521798338625,High
-49.689622247148066,0.678370591051719,-6.233652838196605,4,4.722784074267717,2.1070753189252067,Medium
-49.75633288337821,3.0096356694681625,-36.334137769162055,4,5.43578126002702,2.303548057092457,High
-47.84778451901645,7.081720886452816,-11.487558793013775,4,4.638607725293822,0.9069454849951917,High
-48.893826188047186,0.673506014687717,-31.74070495506271,4,5.778439105708845,0.633947224050543,High
-8.730020415742828,5.8217046017627325,0.5588572796817104,1,6.356185074151134,2.2547009062656773,Low
-45.44959324806841,3.4588305695295674,-11.827794355302903,4,1.0893143901505207,1.2788098779577506,High
-32.34661733409094,6.209155177674771,-2.587472143540566,1,5.176856435081535,1.5835219285351265,Medium
11.743072792480945,0.4574203381251285,-37.707990466868864,1,9.671493167988295,2.4361316241015176,Medium
-22.083068778970215,8.715368061523762,-35.33643911748082,4,5.671290521165939,0.6331294558284457,High
-6.595380918317829,9.734889691773969,-0.6022136565524789,3,7.097880407130579,1.7966360149041911,Low
-46.21441030386961,9.688778552856915,-36.03536152007297,1,3.8067747212519487,0.6482108451497341,High
-44.61687849530634,7.496518317429247,-36.08087997291078,3,7.965922403374863,1.2509378569330007,High
-56.73051069868169,1.3008624013063197,-39.33403386208119,3,7.956293336885036,2.1076290903868937,High
